name,subtext,price,rating,stock
Texels Tripel,Tripel Beer | 8.5% | 30 cl,£ 37.99,(3.53),in stock
La Cristal IPA du Mont Blanc,IPA | 4.7% | 33 cl,£ 41.99,(3.44),in stock
Brouwerij de Brabandere Petrus Cherry Chocolate Nitro Quad,Quadrupel Beer | 8.5% | 33 cl,£ 42.99,(3.86),in stock
De Koninck Triple D'Anvers,Tripel Beer | 8.0% | 33 cl,£ 43.99,(3.64),in stock
Lagunitas 12th of Never Ale,IPA | 5.5% | 36 cl,£ 54.96,(3.75),in stock
Liefmans Goudenband,Sour Beer | 8.0% | 33 cl,£ 41.99,(3.83),in stock
Kwaremont Pittig Blond,Blond Beer | 6.6% | 33 cl,£ 43.99,(3.49),in stock
Birra Ichnusa,Lager | 4.7% | 33 cl,£ 27.99,(2.85),in stock
Beavertown Lupuloid,IPA | 6.7% | 33 cl,£ 41.99,none,in stock
Mort Subite Kriek Lambic,Fruit Beer | 4.0% | 25 cl,£ 27.99,(3.45),in stock
Lowlander White Ale,White Beer | 5.0% | 33 cl,£ 41.99,(3.48),in stock
Rochefort 8',Quadrupel Beer | 9.2% | 33 cl,£ 36.99,(4.03),in stock
Oedipus Panty,Porter & Stout | 6.0% | 33 cl,£ 42.99,(3.47),in stock
Lagunitas IPA,IPA | 6.2% | 36 cl,£ 40.99,(3.82),in stock
Vedett Extra White,White Beer | 4.7% | 33 cl,£ 34.99,(3.55),in stock
Zundert Trappist 10,Quadrupel Beer | 10.0% | 33 cl,£ 36.99,(3.79),in stock
Lagunitas A Little Sumpin' Sumpin',IPA | 7.5% | 36 cl,£ 69.36,(3.87),in stock
Chimay Blauw,Quadrupel Beer | 9.0% | 33 cl,£ 43.99,(3.99),in stock
Saison De Silly,Saison Beer | 5.0% | 33 cl,£ 41.99,(3.32),in stock
Gouden Carolus Tripel,Tripel Beer | 9.0% | 33 cl,£ 40.99,(3.89),in stock
St. Feuillien Grand Cru,Blond Beer | 9.5% | 33 cl,£ 43.99,(3.79),in stock
Affligem Tripel,Tripel Beer | 9.0% | 30 cl,£ 34.99,(3.57),in stock
Lagunitas Daytime,IPA | 4.0% | 36 cl,£ 40.99,(3.68),in stock
Ciney Blond,Blond Beer | 7.0% | 25 cl,£ 27.99,(3.46),in stock
Lowlander 0% Wit,White Beer | 0.0% | 33 cl,£ 34.99,(3.16),in stock
Boon Oude Kriek,Sour Beer | 6.5% | 38 cl,£ 41.99,(3.65),in stock
Rochefort 6',Dubbel Beer | 7.5% | 33 cl,£ 43.99,(3.82),in stock
Postel Dubbel,Dubbel Beer | 7.0% | 33 cl,£ 27.99,(3.38),in stock
Baptist IPA,IPA | 6.7% | 33 cl,£ 41.99,(3.37),in stock
Affligem Dubbel,Dubbel Beer | 6.8% | 30 cl,£ 34.99,(3.56),in stock
Orval,Blond Beer | 6.2% | 33 cl,£ 36.99,(3.92),in stock
Tiger Lager,Lager | 5.0% | 33 cl,£ 27.99,(2.94),in stock
Brand Weizen,German Wheat Beer | 5.1% | 30 cl,£ 27.99,(3.59),in stock
Vedett Extra Ordinary IPA,IPA | 5.5% | 33 cl,£ 41.99,(3.56),in stock
Texels Skuumkoppe,German Wheat Beer | 6.0% | 30 cl,£ 37.99,(3.72),in stock
Stone Go To IPA,IPA | 4.7% | 36 cl,£ 41.99,(3.74),in stock
Westmalle Dubbel,Dubbel Beer | 7.0% | 33 cl,£ 43.99,(3.76),in stock
Oedipus Gaia IPA,IPA | 7.0% | 33 cl,£ 41.99,(3.69),in stock
Delirium Argentum,Blond Beer | 7.0% | 33 cl,£ 41.99,(3.70),in stock
Judas,Blond Beer | 8.5% | 33 cl,£ 27.99,(3.51),in stock
Chimay Wit,Tripel Beer | 8.0% | 33 cl,£ 36.99,(3.81),in stock
Force Majeure Traditional Blond,Blond Beer | 0.4% | 33 cl,£ 34.99,(3.30),in stock
Desperados,Lager | 5.9% | 33 cl,£ 42.99,(3.15),in stock
BRLO Naked,Pale Ale | 0.2% | 33 cl,£ 34.99,(3.25),in stock
St. Feuillien Blond,Blond Beer | 7.0% | 33 cl,£ 41.99,(3.55),in stock
St. Bernardus Pater 6,Dubbel Beer | 6.7% | 33 cl,£ 43.99,(3.64),in stock
Houblon Chouffe,IPA | 9.0% | 33 cl,£ 43.99,(3.79),in stock
Hapkin,Blond Beer | 8.5% | 33 cl,£ 41.99,(3.53),in stock
"Budels Malty Dark 0,0%",Bock Beer | 0.0% | 30 cl,£ 34.99,(1.85),in stock
Ninkasi French IPA,IPA | 5.4% | 33 cl,£ 41.99,(3.44),in stock
Palm 0.0,Pale Ale | 0.0% | 25 cl,£ 34.99,(2.06),in stock
Erdinger Alcohol vrij,German Wheat Beer | 0.5% | 33 cl,£ 34.99,(2.80),in stock
La Trappe Witte Trappist,White Beer | 5.5% | 33 cl,£ 34.99,(3.64),in stock
Kompaan Bloedbroeder,Porter & Stout | 9.1% | 33 cl,£ 38.99,(3.58),in stock
Brand Weizen 0.0,German Wheat Beer | 0.0% | 30 cl,£ 34.99,(2.96),in stock
Mort Subite Geuze Lambic,Sour Beer | 4.5% | 25 cl,£ 34.99,(3.30),in stock
Brand IPA,IPA | 7.0% | 30 cl,£ 41.99,(3.41),in stock
Fourpure Base Camp Pils Lager,Pilsner & Hoppy Lager | 4.7% | 33 cl,£ 39.99,(3.29),in stock
Affligem Blond 0.0%,Blond Beer | 0.0% | 30 cl,£ 34.99,(2.84),in stock
La Trappe Quadrupel,Quadrupel Beer | 10.0% | 33 cl,£ 42.99,(4.00),in stock
Affligem Blond,Blond Beer | 6.8% | 30 cl,£ 41.99,(3.76),in stock
Ninkasi Brut IPA,IPA | 5.6% | 33 cl,£ 41.99,(3.36),in stock
Hoppebräu Helles,Lager | 4.9% | 50 cl,£ 42.99,(3.34),in stock
Duchesse De Bourgogne,Sour Beer | 6.2% | 25 cl,£ 41.99,(3.80),in stock
Fourpure IPA,IPA | 5.9% | 33 cl,£ 39.99,(3.79),in stock
St. Feuillien Tripel,Tripel Beer | 8.5% | 33 cl,£ 40.99,(3.74),in stock
Brugse Zot Blond,Blond Beer | 6.0% | 33 cl,£ 43.99,(3.71),in stock
Sol,Lager | 4.5% | 33 cl,£ 42.96,(3.01),in stock
Kompaan Handlanger,IPA | 8.2% | 33 cl,£ 38.99,(3.69),in stock
Ename Blond,Blond Beer | 6.5% | 33 cl,£ 36.99,(3.44),in stock
Steenbrugge Dubbel,Dubbel Beer | 6.5% | 33 cl,£ 36.99,(3.45),in stock
Lefort Tripel,Tripel Beer | 8.8% | 33 cl,£ 43.99,(3.74),in stock
Bush Caractère,Quadrupel Beer | 12.0% | 33 cl,£ 43.99,(3.69),in stock
Cuvée des Trolls,Blond Beer | 7.0% | 25 cl,£ 40.99,(3.51),in stock
Brothers in Law 0.5 Hoppy Lager,Pilsner & Hoppy Lager | 0.5% | 33 cl,£ 34.99,(3.40),in stock
Lindemans Kriek,Fruit Beer | 3.5% | 25 cl,£ 42.99,(3.54),in stock
Westmalle Tripel,Tripel Beer | 9.5% | 33 cl,£ 36.99,(3.93),in stock
Paulaner Hefeweizen Naturtrüb,German Wheat Beer | 5.5% | 50 cl,£ 42.99,(3.71),in stock
Kasteel Blonde,Blond Beer | 7.0% | 33 cl,£ 34.99,(3.49),in stock
BrewDog Punk AF,Pale Ale | 0.5% | 33 cl,£ 34.99,(3.12),in stock
Brasserie De Sutter Brin de Folie,Blond Beer | 6.5% | 33 cl,£ 42.99,(3.42),in stock
Kapittel Watou Blond 6,Blond Beer | 6.5% | 33 cl,£ 40.99,(3.36),in stock
Steamworks Flagship IPA,IPA | 6.7% | 33 cl,£ 41.99,(3.95),in stock
Brixton Low Voltage,IPA | 4.3% | 33 cl,£ 41.99,none,in stock
Fagnes Blonde,Blond Beer | 7.5% | 33 cl,£ 40.99,(3.48),in stock
Affligem Patersvat,Blond Beer | 6.8% | 30 cl,£ 34.99,(3.50),in stock
Paulaner Hefe Weissbier Alcoholvrij,German Wheat Beer | 0.5% | 33 cl,£ 34.99,(2.67),in stock
Kapittel Watou Triple Abt 10,Tripel Beer | 10.0% | 33 cl,£ 42.99,(3.56),in stock
Pilsner Urquell,| 4.4% | 33 cl,£ 59.99,(3.35),in stock
Grisette Triple Bio,Tripel Beer | 8.0% | 25 cl,£ 41.99,(3.67),in stock
Duvel,Blond Beer | 8.5% | 33 cl,£ 43.99,(3.81),in stock
Fourpure Easy Peeler Session IPA,IPA | 4.0% | 33 cl,£ 39.99,(3.49),in stock
vandeStreek Playground IPA Alcoholvrij,IPA | 0.5% | 33 cl,£ 34.99,none,in stock
Fourpure Hemisphere Session IPA,IPA | 4.2% | 33 cl,£ 39.99,(3.48),in stock
Gallia Session IPA,IPA | 4.3% | 33 cl,£ 41.99,(3.61),in stock
Paljas IPA,IPA | 6.0% | 33 cl,£ 41.99,(3.47),in stock
La Rouget De Lisle La Marseillaise,Saison Beer | 6.0% | 33 cl,£ 36.99,(3.32),out of stock
Affligem Fris Blond,Blond Beer | 4.6% | 33 cl,£ 34.99,(3.32),in stock
Delirium Tremens,Blond Beer | 8.5% | 33 cl,£ 40.99,(3.94),in stock
Brouwerij 't IJ IJwit,White Beer | 6.5% | 33 cl,£ 36.99,(3.61),out of stock
Ninkasi Triple,Tripel Beer | 8.4% | 33 cl,£ 41.99,(3.54),in stock
De Molen Vuur & Vlam IPA,IPA | 6.2% | 33 cl,£ 36.99,(3.70),out of stock
La Trappe Blond,Blond Beer | 6.5% | 33 cl,£ 36.99,(3.71),out of stock
Brlo Berliner Weisse,Sour Beer | 4.0% | 33 cl,£ 33.99,(3.15),out of stock
Fourpure Juicebox Citrus IPA,IPA | 5.9% | 33 cl,£ 39.99,(3.82),in stock
Petrus Blond,Blond Beer | 6.5% | 33 cl,£ 40.99,(3.34),in stock
Maisel & Friends Hoppy Hell,Lager | 5.3% | 33 cl,£ 33.99,(3.76),out of stock
Steamworks Killer Cucumber Ale,Pale Ale | 4.7% | 33 cl,£ 36.99,(3.41),out of stock
Brouwerij Noordt Noordtsingle,Lager | 4.5% | 33 cl,£ 36.99,(3.52),out of stock
Gulpener Château Neubourg,Pilsner & Hoppy Lager | 5.5% | 33 cl,£ 36.99,(3.26),out of stock
La Chouffe Blonde D'ardenne,Blond Beer | 8.0% | 33 cl,£ 40.99,(3.89),in stock
Beavertown Neck Oil,IPA | 4.3% | 33 cl,£ 49.99,(3.75),out of stock
Murphy's Irish Stout,Porter & Stout | 4.0% | 50 cl,£ 59.76,(3.51),out of stock
Peroni Nastro Azzurro,Lager | 5.1% | 33 cl,£ 36.99,(3.14),out of stock
Jopen Jacobus RPA,Pale Ale | 5.5% | 33 cl,£ 36.99,(3.48),out of stock
Bintang,Lager | 4.7% | 33 cl,£ 36.99,(2.00),out of stock
Red Stripe,Lager | 4.7% | 33 cl,£ 36.99,none,out of stock
Ninkasi Pale Ale,Amber & Red Ale | 4.5% | 33 cl,£ 41.99,(3.43),in stock
Beavertown Gamma Ray,Pale Ale | 5.4% | 33 cl,£ 53.99,(3.90),out of stock
Fourpure Last Train Oatmeal Stout,Porter & Stout | 5.1% | 33 cl,£ 39.99,(3.63),in stock
Pistonhead Amber,Amber & Red Ale | 6.0% | 33 cl,£ 36.99,none,out of stock
Hertog Jan Grand Prestige,Barley Wine | 10.0% | 30 cl,£ 36.99,(3.83),out of stock
Dupont Saison,Saison Beer | 6.5% | 33 cl,£ 59.99,(3.78),in stock
